,City,Lat,Lng,Country,Max Temp,Humidity,Cloudiness,Wind Speed,Date
0,itarema,-2.9248,-39.9167,BR,81.64,78.0,100.0,4.41,1649769675
1,port alfred,-33.5906,26.891,ZA,68.18,82.0,100.0,5.99,1649769860
2,avarua,-21.2078,-159.775,CK,78.85,89.0,75.0,4.61,1649769860
3,hatillo,18.4863,-66.8254,PR,83.79,74.0,6.0,7.0,1649769861
5,cidreira,-30.1811,-50.2056,BR,72.55,82.0,100.0,5.77,1649769861
6,victoria,22.2855,114.1577,HK,80.19,84.0,0.0,5.01,1649769751
7,arraial do cabo,-22.9661,-42.0278,BR,82.36,74.0,20.0,16.11,1649769861
8,thompson,55.7435,-97.8558,CA,23.16,86.0,100.0,11.5,1649769862
9,luderitz,-26.6481,15.1594,NA,73.71,54.0,4.0,6.62,1649769862
10,kodinsk,58.6881,99.1844,RU,25.2,94.0,98.0,2.21,1649769863
11,busselton,-33.65,115.3333,AU,61.05,71.0,0.0,14.97,1649769836
12,albany,42.6001,-73.9662,US,51.03,90.0,100.0,12.06,1649769861
13,mobaye,4.319,21.1786,CF,99.57,27.0,61.0,4.41,1649769863
14,khatanga,71.9667,102.5,RU,0.37,94.0,100.0,7.11,1649769863
15,nikolskoye,59.7035,30.7861,RU,46.29,68.0,100.0,6.29,1649769864
16,maniitsoq,65.4167,-52.9,GL,27.99,62.0,100.0,2.57,1649769864
17,bluff,-46.6,168.3333,NZ,51.8,64.0,59.0,18.77,1649769865
18,kapaa,22.0752,-159.319,US,73.72,92.0,100.0,14.97,1649769865
19,mar del plata,-38.0023,-57.5575,AR,58.87,73.0,0.0,11.5,1649769865
20,tefe,-3.3542,-64.7114,BR,80.71,94.0,20.0,2.3,1649769866
21,mindelo,16.8901,-24.9804,CV,76.55,57.0,75.0,24.16,1649769866
22,nouadhibou,20.931,-17.0347,MR,78.78,41.0,83.0,24.16,1649769866
23,road town,18.4167,-64.6167,VG,80.69,74.0,40.0,14.97,1649769605
24,kruisfontein,-34.0033,24.7314,ZA,82.89,47.0,5.0,13.33,1649769867
25,saint george,37.1041,-113.5841,US,45.19,29.0,20.0,19.57,1649769867
26,guerrero negro,27.9769,-114.0611,MX,59.95,76.0,95.0,16.98,1649769867
27,cumberland,35.0502,-78.8664,US,69.49,66.0,0.0,12.66,1649769579
28,cape town,-33.9258,18.4232,ZA,81.12,50.0,0.0,10.36,1649769790
29,butaritari,3.0707,172.7902,KI,80.64,78.0,13.0,11.03,1649769868
30,mataura,-46.1927,168.8643,NZ,51.48,90.0,69.0,4.88,1649769868
31,hilo,19.7297,-155.09,US,72.28,93.0,100.0,8.05,1649769869
32,sabla,12.7525,4.7077,NG,105.93,16.0,2.0,5.19,1649769869
33,lebu,-37.6167,-73.65,CL,53.33,73.0,100.0,14.85,1649769869
34,vanimo,-2.6741,141.3028,PG,79.38,88.0,29.0,6.53,1649769870
35,nemuro,43.3236,145.575,JP,36.82,97.0,100.0,7.09,1649769870
36,tuatapere,-46.1333,167.6833,NZ,49.5,77.0,28.0,8.93,1649769870
37,pevek,69.7008,170.3133,RU,-18.08,90.0,100.0,3.0,1649769871
39,tecoanapa,16.5167,-98.75,MX,77.76,71.0,100.0,2.57,1649769684
40,vaini,-21.2,-175.2,TO,77.16,94.0,20.0,8.05,1649769871
41,beroroha,-21.6667,45.1667,MG,90.57,32.0,18.0,12.84,1649769872
42,emerald,-23.5333,148.1667,AU,74.34,52.0,0.0,9.69,1649769731
43,new norfolk,-42.7826,147.0587,AU,54.66,58.0,48.0,3.0,1649769872
44,nhulunbuy,-12.2333,136.7667,AU,83.01,83.0,75.0,3.44,1649769872
45,talnakh,69.4865,88.3972,RU,24.21,95.0,100.0,14.72,1649769873
46,huarmey,-10.0681,-78.1522,PE,67.98,85.0,29.0,7.52,1649769873
47,sao filipe,14.8961,-24.4956,CV,71.76,72.0,100.0,11.9,1649769874
48,port blair,11.6667,92.75,IN,86.04,70.0,20.0,3.44,1649769874
49,rosetta,31.4044,30.4164,EG,62.55,55.0,0.0,18.41,1649769874
51,ust-nera,64.5667,143.2,RU,-3.23,99.0,71.0,2.19,1649769875
52,severo-kurilsk,50.6789,156.125,RU,25.07,83.0,43.0,4.74,1649769875
53,komsomolskiy,40.4272,71.7189,UZ,77.72,31.0,14.0,6.91,1649769875
54,bredasdorp,-34.5322,20.0403,ZA,81.54,40.0,0.0,13.76,1649769876
55,dodge city,37.7528,-100.0171,US,58.24,80.0,0.0,18.41,1649769876
56,fortuna,40.5982,-124.1573,US,39.65,95.0,100.0,5.99,1649769876
57,mahebourg,-20.4081,57.7,MU,80.26,78.0,40.0,13.8,1649769877
58,punta arenas,-53.15,-70.9167,CL,50.11,66.0,40.0,24.16,1649769727
59,tasiilaq,65.6145,-37.6368,GL,28.56,64.0,94.0,2.93,1649769877
61,rikitea,-23.1203,-134.9692,PF,78.66,71.0,14.0,18.97,1649769878
62,bethel,41.3712,-73.414,US,51.21,85.0,100.0,5.99,1649769707
63,hay river,60.8156,-115.7999,CA,-4.02,77.0,40.0,8.05,1649769878
64,ancud,-41.8697,-73.8203,CL,49.23,78.0,48.0,1.25,1649769878
65,saskylakh,71.9167,114.0833,RU,-5.89,100.0,100.0,2.3,1649769879
66,nador,35.174,-2.9287,MA,62.85,82.0,40.0,10.36,1649769879
67,esperance,-33.8667,121.9,AU,62.44,89.0,78.0,7.92,1649769879
68,sioux lookout,50.1001,-91.917,CA,26.67,74.0,40.0,8.05,1649769880
69,sarangani,5.4033,125.4636,PH,82.72,80.0,100.0,23.04,1649769880
70,isangel,-19.55,169.2667,VU,78.85,83.0,19.0,4.41,1649769880
71,nizhnekamsk,55.6366,51.8245,RU,54.39,54.0,0.0,11.18,1649769881
72,airai,-8.9266,125.4092,TL,61.2,92.0,100.0,2.44,1649769881
73,upernavik,72.7868,-56.1549,GL,12.27,94.0,100.0,10.11,1649769881
74,ushuaia,-54.8,-68.3,AR,46.06,57.0,75.0,8.05,1649769609
75,ilulissat,69.2167,-51.1,GL,28.42,50.0,40.0,4.61,1649769882
76,hobart,-42.8794,147.3294,AU,55.02,75.0,20.0,4.61,1649769882
77,opunake,-39.4556,173.8583,NZ,57.85,85.0,100.0,7.52,1649769882
78,petropavlovsk-kamchatskiy,53.0452,158.6483,RU,27.19,64.0,0.0,4.47,1649769883
79,vardo,70.3705,31.1107,NO,31.87,74.0,46.0,25.14,1649769883
81,macusani,-14.0833,-70.4333,PE,44.74,55.0,8.0,1.83,1649769884
82,georgetown,5.4112,100.3354,MY,85.95,79.0,20.0,5.75,1649769641
83,broome,42.2506,-75.833,US,52.2,85.0,75.0,7.0,1649769884
84,alofi,-19.0595,-169.9187,NU,73.29,94.0,100.0,1.14,1649769884
85,margate,51.3813,1.3862,GB,60.31,76.0,100.0,18.03,1649769885
86,geraldton,-28.7667,114.6,AU,63.01,88.0,0.0,5.75,1649769885
87,willmar,45.1219,-95.0433,US,44.62,68.0,40.0,12.66,1649769885
88,lompoc,34.6391,-120.4579,US,44.78,65.0,0.0,18.01,1649769886
89,quballat,36.5418,9.6633,TN,81.48,32.0,42.0,18.84,1649769886
90,ulladulla,-35.35,150.4667,AU,58.77,80.0,80.0,5.91,1649769886
91,dakar,14.6937,-17.4441,SN,77.88,78.0,40.0,13.8,1649769887
93,sitka,57.0531,-135.33,US,33.69,32.0,40.0,6.91,1649769887
95,dax,43.75,-1.1667,FR,69.12,83.0,75.0,0.0,1649769888
96,omsukchan,62.5333,155.8,RU,-15.79,100.0,100.0,4.36,1649769888
97,castro,-24.7911,-50.0119,BR,71.73,79.0,77.0,10.54,1649769888
98,yairipok,24.6667,94.0667,IN,73.02,53.0,0.0,3.2,1649769889
99,provideniya,64.3833,-173.3,RU,19.89,92.0,100.0,17.45,1649769889
100,tiksi,71.6872,128.8694,RU,-13.14,100.0,93.0,5.66,1649769889
101,mahanoro,-19.9,48.8,MG,78.67,72.0,100.0,7.49,1649769890
102,qaqortoq,60.7167,-46.0333,GL,37.74,40.0,100.0,14.29,1649769890
103,farafangana,-22.8167,47.8333,MG,78.22,74.0,100.0,7.74,1649769891
104,dusti,37.3481,68.664,TJ,83.48,32.0,0.0,0.74,1649769891
105,palmer,42.1584,-72.3287,US,51.51,74.0,100.0,3.44,1649769891
106,lukavica,44.7628,18.1689,BA,63.9,37.0,9.0,4.03,1649769892
107,dikson,73.5069,80.5464,RU,26.94,93.0,100.0,13.87,1649769892
108,narrabri,-30.3167,149.7833,AU,62.53,82.0,100.0,0.0,1649769892
109,egvekinot,66.3167,-179.1667,RU,-5.21,88.0,99.0,12.44,1649769893
110,leshukonskoye,64.8989,45.7622,RU,36.59,100.0,100.0,2.89,1649769893
111,port elizabeth,-33.918,25.5701,ZA,85.1,68.0,20.0,16.11,1649769893
112,chokurdakh,70.6333,147.9167,RU,1.31,94.0,100.0,4.41,1649769894
113,san luis,-33.295,-66.3356,AR,62.04,41.0,59.0,3.65,1649769847
115,hermanus,-34.4187,19.2345,ZA,71.35,63.0,6.0,7.38,1649769894
116,yellowknife,62.456,-114.3525,CA,-8.88,77.0,20.0,6.91,1649769895
117,minggang,32.4586,114.0486,CN,58.03,75.0,100.0,15.08,1649769895
118,krasnyye baki,57.131,45.1599,RU,57.76,66.0,60.0,6.93,1649769895
119,ossora,59.2353,163.0719,RU,14.63,92.0,100.0,7.38,1649769896
120,pisco,-13.7,-76.2167,PE,66.25,77.0,0.0,5.75,1649769794
121,amilly,47.9728,2.7719,FR,72.05,48.0,100.0,11.23,1649769896
122,olafsvik,64.8945,-23.7142,IS,36.91,75.0,99.0,15.97,1649769896
123,ribeira grande,38.5167,-28.7,PT,63.0,88.0,40.0,10.36,1649769897
124,novoseleznevo,55.6821,69.2056,RU,52.99,35.0,100.0,14.41,1649769897
125,auki,-8.7676,160.7034,SB,77.74,85.0,14.0,4.12,1649769898
126,san patricio,28.017,-97.5169,US,75.88,93.0,42.0,13.11,1649769898
127,wanning,18.8003,110.3967,CN,74.93,87.0,18.0,5.41,1649769898
128,ngunguru,-35.6167,174.5,NZ,61.84,90.0,100.0,21.3,1649769899
129,sept-iles,50.2001,-66.3821,CA,37.92,56.0,100.0,9.22,1649769828
130,mount vernon,40.9126,-73.8371,US,52.95,77.0,100.0,6.91,1649769899
131,plonsk,52.6235,20.3755,PL,54.77,35.0,0.0,5.28,1649769899
132,atuona,-9.8,-139.0333,PF,78.33,79.0,28.0,16.8,1649769900
133,anadyr,64.75,177.4833,RU,21.7,86.0,75.0,13.42,1649769900
134,souillac,-20.5167,57.5167,MU,79.18,78.0,40.0,13.8,1649769635
135,jamestown,42.097,-79.2353,US,47.79,71.0,100.0,5.75,1649769901
136,liku,-0.7275,119.8922,ID,76.55,94.0,73.0,0.69,1649769901
138,codrington,-38.2667,141.9667,AU,51.75,82.0,0.0,3.53,1649769901
139,tarakan,3.3,117.6333,ID,82.45,78.0,86.0,7.96,1649769902
140,lagoa,39.05,-27.9833,PT,59.99,88.0,100.0,20.04,1649769874
141,taoudenni,22.6783,-3.9836,ML,98.74,4.0,64.0,2.35,1649769903
143,meshchovsk,54.3244,35.2808,RU,34.25,100.0,100.0,14.92,1649769903
144,bandarbeyla,9.4942,50.8122,SO,86.02,63.0,4.0,13.09,1649769903
145,kurumkan,54.3,110.3,RU,25.61,72.0,55.0,5.59,1649769904
146,coihaique,-45.5752,-72.0662,CL,45.21,75.0,75.0,8.05,1649769608
147,saint-augustin,51.226,-58.6502,CA,34.27,83.0,9.0,14.83,1649769904
148,zhezkazgan,47.8043,67.7144,KZ,58.98,44.0,20.0,11.18,1649769905
150,concordia,-31.393,-58.0209,AR,66.78,60.0,100.0,8.01,1649769890
151,udarnyy,54.3409,42.8611,RU,58.98,60.0,97.0,9.31,1649769905
152,santa rosa,14.3122,121.1114,PH,83.1,77.0,100.0,3.06,1649769664
153,champerico,14.3,-91.9167,GT,77.54,62.0,82.0,8.7,1649769906
154,swellendam,-34.0226,20.4417,ZA,87.21,25.0,0.0,4.74,1649769906
155,meulaboh,4.1363,96.1285,ID,79.86,80.0,94.0,1.41,1649769906
157,te anau,-45.4167,167.7167,NZ,45.03,85.0,24.0,0.38,1649769639
158,quatre cocos,-20.2078,57.7625,MU,80.1,76.0,20.0,20.38,1649769907
160,tombouctou,20.0,-3.0,ML,102.09,4.0,100.0,3.44,1649769908
161,bealanana,-14.55,48.7333,MG,73.99,65.0,31.0,8.43,1649769908
162,saryg-sep,51.5,95.6,RU,30.09,64.0,100.0,4.23,1649769908
163,pangnirtung,66.1451,-65.7125,CA,10.4,72.0,75.0,0.0,1649769909
164,port lincoln,-34.7333,135.8667,AU,63.12,75.0,83.0,17.25,1649769909
165,beringovskiy,63.05,179.3167,RU,17.87,95.0,100.0,14.03,1649769909
166,antalaha,-14.9003,50.2788,MG,82.76,70.0,6.0,13.27,1649769910
167,pangody,65.85,74.4859,RU,34.56,100.0,100.0,13.73,1649769910
169,san ramon,37.7799,-121.978,US,46.35,79.0,0.0,5.75,1649769911
170,wladyslawowo,54.7909,18.4009,PL,49.55,58.0,11.0,7.85,1649769911
171,sesimbra,38.4445,-9.1015,PT,65.82,63.0,2.0,13.11,1649769911
172,seoni malwa,22.45,77.4667,IN,99.79,14.0,100.0,6.51,1649769912
173,hithadhoo,-0.6,73.0833,MV,84.06,67.0,11.0,11.18,1649769912
174,karpathos,35.507,27.2132,GR,60.76,41.0,20.0,39.12,1649769801
175,uyar,55.81,94.3153,RU,27.7,84.0,100.0,4.5,1649769913
176,cabo san lucas,22.8909,-109.9124,MX,64.51,73.0,6.0,12.91,1649769913
177,key largo,25.0865,-80.4473,US,77.0,62.0,0.0,17.13,1649769913
178,oktyabrskiy,54.4815,53.471,RU,55.4,64.0,18.0,8.39,1649769716
179,apricena,41.7839,15.4437,IT,66.29,47.0,9.0,7.49,1649769914
180,dashitou,43.3067,128.5114,CN,40.14,58.0,100.0,3.36,1649769914
181,ocampo,21.65,-101.5,MX,54.39,49.0,5.0,5.93,1649769914
182,pacific grove,36.6177,-121.9166,US,46.51,72.0,0.0,5.01,1649769808
183,qaanaaq,77.484,-69.3632,GL,0.59,79.0,99.0,0.49,1649769915
184,yumen,40.2833,97.2,CN,50.67,14.0,100.0,11.56,1649769915
185,atherton,53.5237,-2.4935,GB,55.98,84.0,100.0,1.99,1649769916
186,ahipara,-35.1667,173.1667,NZ,62.2,79.0,100.0,14.09,1649769916
187,bambous virieux,-20.3428,57.7575,MU,80.22,78.0,40.0,13.8,1649769916
188,dingle,10.9995,122.6711,PH,73.29,93.0,100.0,4.0,1649769917
189,sao joao da barra,-21.6403,-41.0511,BR,82.49,77.0,82.0,8.75,1649769917
190,agirish,61.9247,63.0231,RU,44.67,90.0,10.0,7.4,1649769917
191,springfield,37.2153,-93.2982,US,63.43,96.0,100.0,17.0,1649769860
192,bay roberts,47.5999,-53.2648,CA,38.05,73.0,100.0,11.99,1649769918
193,jinchang,38.4953,102.1739,CN,48.45,18.0,100.0,9.89,1649769918
194,puerto cabezas,14.0351,-83.3888,NI,82.36,89.0,75.0,4.61,1649769919
195,binzhou,37.3667,118.0167,CN,51.76,36.0,100.0,5.82,1649769919
196,aquiraz,-3.9014,-38.3911,BR,85.17,73.0,83.0,5.77,1649769919
197,aklavik,68.2191,-135.0107,CA,3.2,66.0,20.0,8.05,1649769920
198,torbay,47.6666,-52.7314,CA,37.27,82.0,100.0,32.21,1649769920
199,rabo de peixe,37.8,-25.5833,PT,60.31,88.0,75.0,12.66,1649769920
200,waipawa,-41.4122,175.5153,NZ,54.01,94.0,100.0,7.58,1649769921
203,nantucket,41.2835,-70.0995,US,51.94,85.0,75.0,13.8,1649769651
204,parnaiba,-2.9047,-41.7767,BR,87.75,70.0,40.0,9.22,1649769921
205,dongsheng,39.8161,109.9776,CN,48.49,25.0,98.0,16.69,1649769922
206,japura,-0.3167,102.35,ID,77.02,93.0,100.0,1.16,1649769922
207,college,64.8569,-147.8028,US,28.72,58.0,0.0,9.22,1649769754
208,fort nelson,58.8053,-122.7002,CA,6.39,66.0,75.0,4.61,1649769923
209,curcani,44.2,26.5833,RO,60.49,39.0,89.0,8.77,1649769923
210,ambo,-10.1308,-76.2047,PE,64.8,73.0,15.0,1.5,1649769923
211,tongchuan,35.0806,109.0897,CN,52.72,48.0,100.0,4.16,1649769924
212,chabahar,25.2919,60.643,IR,84.56,60.0,0.0,12.97,1649769924
213,mount isa,-20.7333,139.5,AU,76.77,33.0,10.0,3.44,1649769924
214,cherskiy,68.75,161.3,RU,-14.6,94.0,8.0,3.56,1649769874
215,klerksdorp,-26.8521,26.6667,ZA,73.63,34.0,41.0,9.89,1649769925
216,saint-francois,46.4154,3.9054,FR,69.67,38.0,0.0,12.66,1649769925
217,nanortalik,60.1432,-45.2371,GL,35.02,61.0,100.0,6.51,1649769926
218,nago,26.5881,127.9761,JP,72.03,93.0,4.0,8.97,1649769926
219,teahupoo,-17.8333,-149.2667,PF,71.56,77.0,28.0,16.37,1649769926
221,raga,8.4596,25.678,SS,98.98,21.0,75.0,6.71,1649769927
222,zorritos,-3.6805,-80.6782,PE,75.42,80.0,55.0,3.04,1649769792
223,nichinan,31.6,131.3667,JP,66.51,95.0,9.0,3.38,1649769927
224,guanica,17.9716,-66.908,PR,82.18,70.0,0.0,7.81,1649769927
225,hauknes,66.2833,14.0667,NO,41.74,56.0,75.0,3.44,1649769928
226,grindavik,63.8424,-22.4338,IS,46.87,53.0,75.0,6.91,1649769928
227,buraydah,26.326,43.975,SA,99.05,7.0,100.0,9.08,1649769928
228,san juan,-31.5375,-68.5364,AR,60.93,39.0,62.0,9.46,1649769641
229,balclutha,-46.2339,169.75,NZ,49.21,82.0,78.0,5.35,1649769929
230,odweyne,9.4092,45.064,SO,91.2,19.0,10.0,6.87,1649769929
231,barrow,71.2906,-156.7887,US,5.02,66.0,100.0,13.8,1649769697
232,constitucion,-35.3333,-72.4167,CL,55.38,57.0,100.0,5.95,1649769930
233,marovoay,-16.1,46.6333,MG,88.93,51.0,10.0,6.91,1649769930
234,bengkulu,-3.8004,102.2655,ID,79.99,78.0,98.0,1.14,1649769931
235,banda aceh,5.5577,95.3222,ID,82.04,77.0,96.0,6.76,1649769931
236,skagen,57.7209,10.5839,DK,41.7,66.0,100.0,9.62,1649769931
237,tual,-5.6667,132.75,ID,84.15,70.0,100.0,7.61,1649769932
238,san pedro,14.35,121.0167,PH,82.35,79.0,75.0,2.3,1649769932
240,hargeysa,9.56,44.065,SO,89.01,22.0,13.0,10.36,1649769932
241,marsa matruh,31.3525,27.2453,EG,66.4,45.0,0.0,18.41,1649769933
242,ponta do sol,32.6667,-17.1,PT,73.0,66.0,100.0,7.65,1649769933
243,broken hill,-31.95,141.4333,AU,64.11,45.0,93.0,10.36,1649769933
245,posevnaya,54.3006,83.3297,RU,31.06,96.0,93.0,7.96,1649769934
247,kapit,2.0167,112.9333,MY,74.3,98.0,64.0,0.31,1649769934
249,salatiga,-7.3319,110.4928,ID,77.59,93.0,56.0,3.4,1649769904
250,neryungri,56.6709,124.6491,RU,3.92,95.0,31.0,4.5,1649769935
251,vila franca do campo,37.7167,-25.4333,PT,61.21,81.0,100.0,8.28,1649769935
252,rodrigues alves,-7.738,-72.6509,BR,77.2,92.0,92.0,2.13,1649769936
253,soanierana ivongo,-16.9167,49.5833,MG,76.41,88.0,81.0,11.77,1649769936
254,ruteng,-8.6136,120.4721,ID,63.37,90.0,100.0,1.83,1649769936
255,bodrum,37.0383,27.4292,TR,64.33,44.0,0.0,23.64,1649769845
256,kinablangan,7.6947,126.5503,PH,80.04,78.0,100.0,6.38,1649769937
257,corrente,-3.7367,-43.3394,BR,85.01,64.0,70.0,4.7,1649769937
259,hasaki,35.7333,140.8333,JP,57.6,88.0,6.0,14.07,1649769938
260,henties bay,-22.116,14.2845,NA,68.5,73.0,87.0,9.26,1649769938
261,saint-philippe,-21.3585,55.7679,RE,78.39,84.0,74.0,18.54,1649769938
262,leh,34.1667,77.5833,IN,41.34,57.0,96.0,7.54,1649769939
263,walvis bay,-22.9575,14.5053,NA,62.1,69.0,97.0,10.09,1649769939
264,vostok,46.4856,135.8833,RU,30.0,97.0,100.0,2.17,1649769939
265,iqaluit,63.7506,-68.5145,CA,11.93,85.0,100.0,5.75,1649769940
266,jyvaskyla,62.2415,25.7209,FI,47.95,44.0,0.0,6.91,1649769940
267,narsaq,60.9167,-46.05,GL,41.22,36.0,100.0,15.79,1649769940
268,kushmurun,52.4503,64.6311,KZ,52.86,45.0,96.0,15.17,1649769941
269,san francisco,37.7749,-122.4194,US,46.83,66.0,20.0,12.66,1649769240
270,chuy,-33.6971,-53.4616,UY,67.64,64.0,2.0,9.01,1649769941
271,kloulklubed,7.0419,134.2556,PW,81.1,80.0,100.0,21.07,1649769942
272,puerto ayora,-0.7393,-90.3518,EC,78.55,94.0,56.0,1.99,1649769942
273,mandan,46.8267,-100.8896,US,26.58,93.0,75.0,27.63,1649769902
274,tanda,26.55,82.65,IN,96.04,18.0,100.0,7.16,1649769942
275,klaksvik,62.2266,-6.589,FO,41.92,84.0,100.0,23.91,1649769943
277,samarai,-10.6167,150.6667,PG,83.68,75.0,32.0,13.15,1649769943
278,puerto leguizamo,-0.1934,-74.7819,CO,74.35,94.0,100.0,2.24,1649769944
279,kahului,20.8947,-156.47,US,75.85,78.0,20.0,10.36,1649769944
280,wichita falls,33.9137,-98.4934,US,71.74,79.0,0.0,14.97,1649769705
281,tura,25.5198,90.2201,IN,77.38,73.0,100.0,3.13,1649769944
283,east london,-33.0153,27.9116,ZA,70.74,83.0,20.0,5.75,1649769868
284,atambua,-9.1061,124.8925,ID,74.1,85.0,100.0,3.15,1649769945
285,grande prairie,55.1667,-118.8027,CA,12.38,62.0,100.0,13.8,1649769746
286,katsuura,35.1333,140.3,JP,62.15,92.0,1.0,11.88,1649769945
287,bolshaya glushitsa,50.2406,43.5908,RU,67.98,45.0,40.0,16.75,1649769946
288,mecca,21.4267,39.8261,SA,101.07,14.0,0.0,19.42,1649769905
289,los llanos de aridane,28.6585,-17.9182,ES,64.15,85.0,75.0,12.66,1649769946
290,siuna,13.7332,-84.7773,NI,74.95,80.0,47.0,3.47,1649769947
291,aldan,58.6031,125.3894,RU,16.12,98.0,100.0,1.7,1649769947
292,uberaba,-19.7483,-47.9319,BR,77.58,73.0,0.0,5.75,1649769947
293,caravelas,-17.7125,-39.2481,BR,84.06,65.0,20.0,3.67,1649769948
294,mayo,38.8876,-76.5119,US,60.19,82.0,100.0,1.01,1649769948
295,kerema,-7.9631,145.7785,PG,80.26,88.0,100.0,4.18,1649769948
296,dicabisagan,17.0818,122.4157,PH,77.09,85.0,96.0,5.64,1649769949
297,buzmeyin,38.0507,58.2056,TM,87.53,19.0,20.0,6.91,1649769949
298,carnarvon,-24.8667,113.6333,AU,71.67,68.0,0.0,14.97,1649769949
299,ostrovnoy,68.0531,39.5131,RU,34.72,83.0,51.0,18.92,1649769950
300,novo oriente,-5.5344,-40.7742,BR,83.88,60.0,100.0,5.08,1649769950
301,clyde river,70.4692,-68.5914,CA,-12.77,84.0,100.0,4.61,1649769674
302,bonnyville,54.2668,-110.735,CA,10.2,88.0,100.0,11.72,1649769950
303,mbekenyera,-10.0,38.9833,TZ,80.58,87.0,91.0,2.26,1649769951
304,kudahuvadhoo,2.6708,72.8944,MV,85.19,71.0,14.0,12.8,1649769951
305,sulangan,11.1373,123.7228,PH,76.37,89.0,100.0,13.82,1649769951
306,asau,46.4333,26.4,RO,49.28,47.0,100.0,7.43,1649769952
307,bien hoa,10.95,106.8167,VN,84.18,63.0,100.0,6.02,1649769952
308,kenora,49.8167,-94.4337,CA,25.77,74.0,75.0,5.75,1649769952
309,baicheng,45.6167,122.8167,CN,46.92,32.0,100.0,6.55,1649769953
310,lodeynoye pole,60.726,33.5531,RU,42.44,88.0,100.0,2.59,1649769953
311,mugur-aksy,50.35,90.5,RU,27.12,58.0,19.0,7.81,1649769953
312,yeniseysk,58.4497,92.1703,RU,25.02,93.0,40.0,3.0,1649769954
313,sayyan,15.1718,44.3244,YE,76.23,12.0,2.0,11.77,1649769954
314,kifri,34.6959,44.9661,IQ,78.73,16.0,0.0,12.84,1649769954
315,barcelona,41.3888,2.159,ES,66.18,75.0,75.0,24.16,1649769900
316,byron bay,-28.65,153.6167,AU,67.89,84.0,90.0,10.02,1649769955
317,hit,33.6416,42.8251,IQ,77.67,16.0,0.0,13.09,1649769955
318,fairbanks,64.8378,-147.7164,US,28.74,59.0,0.0,9.22,1649769956
319,norman wells,65.282,-126.8329,CA,-14.76,70.0,0.0,3.44,1649769956
321,san cristobal,7.7669,-72.225,VE,69.98,52.0,69.0,5.79,1649769761
322,coffs harbour,-30.3,153.1333,AU,67.14,88.0,40.0,5.75,1649769956
323,duluth,46.7833,-92.1066,US,39.34,84.0,0.0,3.44,1649769773
324,bowen,-20.0167,148.2333,AU,77.74,71.0,14.0,14.85,1649769816
325,kongolo,-5.3833,27.0,CD,86.22,58.0,73.0,3.51,1649769957
326,bathsheba,13.2167,-59.5167,BB,84.81,58.0,20.0,19.57,1649769957
328,blagoyevo,63.3667,47.9167,RU,35.19,100.0,100.0,1.74,1649769958
329,redding,40.5865,-122.3917,US,36.63,79.0,0.0,0.0,1649769958
330,lac du bonnet,50.2536,-96.0612,CA,24.13,71.0,24.0,5.1,1649769959
331,charleston,32.7766,-79.9309,US,71.1,78.0,0.0,9.22,1649769800
332,severo-yeniseyskiy,60.3725,93.0408,RU,16.29,93.0,100.0,1.52,1649769959
333,jishou,28.3167,109.7167,CN,61.36,92.0,100.0,7.36,1649769959
334,tezu,27.9167,96.1667,IN,73.87,69.0,0.0,4.45,1649769960
336,archidona,37.0965,-4.3887,ES,58.84,57.0,97.0,7.76,1649769960
338,ati,13.2154,18.3353,TD,106.65,7.0,5.0,4.56,1649769961
339,karratha,-20.7377,116.8463,AU,83.7,45.0,0.0,12.15,1649769947
340,faya,18.3851,42.4509,SA,80.71,24.0,3.0,13.96,1649769961
341,coahuayana,18.7333,-103.6833,MX,72.01,62.0,10.0,2.86,1649769955
342,sinnamary,5.3833,-52.95,GF,80.02,83.0,21.0,11.14,1649769962
343,kaitangata,-46.2817,169.8464,NZ,50.85,79.0,82.0,8.72,1649769949
345,necochea,-38.5473,-58.7368,AR,55.53,68.0,20.0,11.59,1649769963
346,tiarei,-17.5333,-149.3333,PF,77.02,76.0,9.0,16.69,1649769963
347,casper,42.8666,-106.3131,US,31.71,92.0,100.0,1.01,1649769964
348,faanui,-16.4833,-151.75,PF,81.3,74.0,8.0,15.86,1649769964
349,anloga,5.7947,0.8973,GH,85.89,72.0,100.0,12.68,1649769964
350,tambacounda,13.7539,-13.7586,SN,98.65,26.0,0.0,4.61,1649769965
351,vila,42.0304,-8.1588,PT,49.08,93.0,98.0,7.43,1649769965
352,alice springs,-23.7,133.8833,AU,81.95,28.0,65.0,1.14,1649769943
354,mulchen,-37.7167,-72.2333,CL,49.86,74.0,100.0,5.17,1649769966
355,marfino,55.7028,37.3822,RU,49.91,86.0,100.0,8.95,1649769966
356,madang,-5.2246,145.7966,PG,78.55,87.0,94.0,1.5,1649769966
357,rocha,-34.4833,-54.3333,UY,64.71,60.0,0.0,9.98,1649769967
359,husavik,66.0449,-17.3389,IS,33.8,78.0,20.0,8.39,1649769967
360,pringsewu,-5.3582,104.9744,ID,75.27,93.0,53.0,4.05,1649769968
361,jamame,0.0722,42.7506,SO,89.65,55.0,18.0,14.25,1649769968
362,touros,-5.1989,-35.4608,BR,85.46,59.0,100.0,11.14,1649769968
363,wainwright,52.839,-110.8572,CA,11.03,76.0,100.0,14.12,1649769786
364,san policarpo,12.1791,125.5072,PH,77.31,90.0,100.0,9.73,1649769969
365,bud,39.447,-86.1758,US,55.42,96.0,25.0,8.52,1649769969
366,vestmanna,62.1564,-7.1664,FO,40.12,93.0,100.0,20.71,1649769970
367,kirove,47.6531,35.6951,UA,39.76,89.0,100.0,17.58,1649769970
368,along,28.1667,94.7667,IN,71.69,81.0,4.0,0.58,1649769971
369,san rafael,-34.6177,-68.3301,AR,54.03,39.0,47.0,1.5,1649769830
370,kabare,-2.4683,28.8242,CD,72.81,74.0,99.0,1.92,1649769971
371,kodiak,57.79,-152.4072,US,27.91,80.0,0.0,3.44,1649769929
372,cajati,-24.7361,-48.1228,BR,82.26,66.0,100.0,2.55,1649769972
373,lorengau,-2.0226,147.2712,PG,81.79,74.0,10.0,6.42,1649769972
374,port-gentil,-0.7193,8.7815,GA,81.48,79.0,18.0,10.0,1649769972
375,howard springs,-12.497,131.047,AU,78.71,97.0,100.0,8.1,1649769973
376,teluk nibung,3.001,99.8164,ID,80.67,80.0,100.0,5.88,1649769973
377,santa cruz cabralia,-16.2781,-39.0247,BR,82.63,74.0,75.0,2.3,1649769973
378,chulman,56.8479,124.9104,RU,0.61,95.0,7.0,2.82,1649769974
379,veraval,20.9,70.3667,IN,84.67,64.0,0.0,12.37,1649769974
380,santa isabel do rio negro,-0.4139,-65.0192,BR,80.08,82.0,74.0,1.95,1649769974
381,mehamn,71.0357,27.8492,NO,31.91,77.0,100.0,20.83,1649769975
382,mendeleyevo,56.0333,37.2167,RU,40.89,100.0,100.0,11.18,1649769975
384,mbandaka,0.0487,18.2603,CD,91.06,43.0,34.0,0.67,1649769976
385,wakkanai,45.4094,141.6739,JP,37.74,96.0,100.0,10.98,1649769976
387,south venice,27.0531,-82.4243,US,73.38,74.0,0.0,9.22,1649769977
388,longyearbyen,78.2186,15.6401,SJ,15.64,67.0,75.0,5.75,1649769977
389,nioro,13.35,-15.75,GM,99.25,14.0,43.0,4.85,1649769977
390,pasni,25.2631,63.471,PK,82.31,66.0,0.0,21.54,1649769978
391,maldonado,-34.6667,-54.9167,UY,65.59,56.0,0.0,9.31,1649769978
392,port hedland,-20.3167,118.5667,AU,82.45,69.0,0.0,6.91,1649769978
393,shimoni,-4.6476,39.3817,KE,82.81,70.0,100.0,12.82,1649769979
394,san jeronimo,-11.9472,-75.2829,PE,52.05,76.0,88.0,0.18,1649769979
395,finnsnes,69.2296,17.9811,NO,36.21,86.0,100.0,4.65,1649769979
396,richards bay,-28.783,32.0377,ZA,79.07,61.0,45.0,5.73,1649769913
397,santa cruz,-17.8,-63.1667,BO,78.26,88.0,75.0,14.97,1649769902
398,eyl,7.9803,49.8164,SO,87.94,57.0,6.0,15.03,1649769980
399,buin,-33.7333,-70.75,CL,63.05,36.0,43.0,3.44,1649769980
400,mocuba,-16.8392,36.9856,MZ,81.01,85.0,39.0,4.36,1649769981
401,valenza,45.0141,8.6414,IT,69.35,37.0,100.0,2.66,1649769981
402,susice,49.2311,13.5202,CZ,67.48,38.0,19.0,9.19,1649769981
403,cayenne,4.9333,-52.3333,GF,82.09,1.0,0.0,4.61,1649769982
404,hofn,64.2539,-15.2082,IS,37.85,84.0,100.0,18.14,1649769982
405,sirjan,29.452,55.6814,IR,78.08,5.0,0.0,20.89,1649769982
406,port keats,-14.25,129.55,AU,82.72,72.0,100.0,4.43,1649769983
407,mataram,-8.5833,116.1167,ID,81.41,82.0,100.0,6.58,1649769983
408,kantabanji,20.4833,82.9167,IN,101.28,15.0,100.0,2.21,1649769983
409,clinton,42.587,-82.9199,US,54.21,67.0,0.0,0.0,1649769984
410,selfoss,63.9331,-20.9971,IS,46.04,55.0,86.0,13.82,1649769984
411,soloneshnoye,51.6544,84.3197,RU,39.47,81.0,65.0,5.17,1649769984
413,havelock,34.8791,-76.9013,US,68.99,76.0,35.0,10.0,1649769985
414,ponyri,52.3186,36.3039,RU,60.06,63.0,100.0,14.29,1649769985
415,vladivostok,43.1056,131.8735,RU,37.42,76.0,100.0,7.05,1649769986
416,juneau,58.3019,-134.4197,US,28.4,100.0,20.0,13.8,1649769796
417,maryborough,-25.5333,152.7,AU,73.11,86.0,4.0,4.47,1649769986
418,pombia,45.653,8.6336,IT,67.32,33.0,0.0,6.91,1649769986
419,tessalit,20.1986,1.0114,ML,101.77,4.0,28.0,15.1,1649769987
420,mairi,-11.7114,-40.1489,BR,82.99,48.0,4.0,5.26,1649769987
422,auray,47.6703,-2.9918,FR,59.81,91.0,100.0,15.57,1649769988
423,adrar,20.5022,-10.0711,MR,94.93,5.0,100.0,10.69,1649769988
424,miyoshi,35.0833,137.0667,JP,66.85,80.0,5.0,5.64,1649769988
425,orbetello,42.4408,11.2196,IT,62.62,67.0,100.0,2.3,1649769989
426,batemans bay,-35.7167,150.1833,AU,62.1,78.0,100.0,5.1,1649769989
427,lushoto,-4.7833,38.2833,TZ,70.68,65.0,100.0,5.44,1649769989
428,challapata,-18.9,-66.7667,BO,48.87,19.0,3.0,4.09,1649769990
429,enumclaw,47.2043,-121.9915,US,37.47,85.0,22.0,6.24,1649769990
430,itatiaia,-22.4961,-44.5633,BR,78.48,72.0,93.0,2.98,1649769990
431,abu samrah,35.3029,37.1841,SY,61.34,47.0,3.0,27.16,1649769991
432,dunedin,-45.8742,170.5036,NZ,50.81,68.0,15.0,1.01,1649769991
433,valparaiso,-33.0393,-71.6273,CL,61.03,58.0,0.0,6.91,1649769991
434,cacu,-18.5567,-51.1308,BR,82.98,63.0,0.0,3.18,1649769992
436,toguchin,55.2353,84.3858,RU,31.19,94.0,12.0,3.42,1649769992
437,cabedelo,-6.9811,-34.8339,BR,86.67,69.0,52.0,10.6,1649769993
438,sur,22.5667,59.5289,OM,90.86,34.0,0.0,5.79,1649769993
439,buala,-8.145,159.5921,SB,80.65,80.0,91.0,5.21,1649769993
440,cisternino,40.7445,17.4243,IT,62.65,41.0,13.0,6.38,1649769994
441,kirakira,-10.4544,161.9205,SB,79.86,81.0,14.0,5.3,1649769994
443,angostura,25.3667,-108.1833,MX,59.0,96.0,13.0,5.35,1649769994
444,oyem,1.5995,11.5793,GA,85.44,57.0,97.0,2.84,1649769995
445,manadhoo,5.7667,73.3833,MV,84.07,74.0,35.0,11.16,1649769995
446,puerto madero,14.7208,-92.4215,MX,73.6,94.0,40.0,0.0,1649769995
448,havre-saint-pierre,50.2334,-63.5986,CA,39.56,60.0,40.0,9.22,1649769996
449,radovis,41.6383,22.4647,MK,58.86,34.0,1.0,8.88,1649769996
450,yekaterinovka,52.0508,44.3451,RU,59.56,56.0,85.0,13.31,1649769997
452,lashio,22.9333,97.75,MM,75.49,45.0,0.0,2.57,1649769997
453,portland,45.5234,-122.6762,US,38.75,93.0,100.0,4.0,1649769646
454,ipueiras,-7.0333,-40.45,BR,81.68,62.0,100.0,5.14,1649769997
455,manta,-0.95,-80.7333,EC,78.58,78.0,75.0,3.44,1649769860
456,kavaratti,10.5669,72.642,IN,84.94,72.0,100.0,9.6,1649769946
457,qui nhon,13.7667,109.2333,VN,76.44,88.0,100.0,4.61,1649769816
458,la paz,-16.5,-68.15,BO,51.78,31.0,9.0,2.3,1649769782
459,roebourne,-20.7833,117.1333,AU,83.89,44.0,0.0,11.45,1649769998
460,chumikan,54.7183,135.315,RU,25.5,96.0,100.0,14.76,1649769999
461,kalmunai,7.4167,81.8167,LK,82.44,80.0,100.0,8.03,1649769999
463,lebowakgomo,-24.2,29.5,ZA,77.9,39.0,41.0,7.72,1649769999
464,laguna,38.421,-121.4238,US,40.1,80.0,0.0,0.0,1649770000
465,ascension,30.2169,-90.9001,US,70.11,98.0,40.0,4.61,1649770000
467,bayan,46.0833,127.4,CN,41.04,27.0,1.0,3.87,1649770001
468,livingston,55.9029,-3.5226,GB,48.79,97.0,75.0,13.8,1649769992
469,debre birhan,9.6833,39.5333,ET,67.23,29.0,98.0,17.16,1649770001
470,pochutla,15.7432,-96.4661,MX,75.02,64.0,100.0,0.49,1649770001
471,nelson bay,-32.7167,152.15,AU,66.0,93.0,100.0,6.78,1649770002
472,yerbogachen,61.2767,108.0108,RU,18.3,95.0,12.0,2.33,1649770002
473,hobyo,5.3505,48.5268,SO,85.86,63.0,100.0,12.53,1649770002
474,tommot,58.9564,126.2925,RU,13.84,97.0,96.0,1.05,1649770003
475,wanaka,-44.7,169.15,NZ,42.12,84.0,0.0,1.01,1649770003
476,seymour,38.9592,-85.8903,US,56.89,92.0,99.0,3.0,1649770003
477,liyang,29.7057,118.2862,CN,71.47,68.0,80.0,2.57,1649770004
478,khanpur,28.6453,70.6567,PK,101.34,11.0,0.0,8.66,1649769852
479,barahona,18.2085,-71.1008,DO,82.22,65.0,20.0,11.5,1649770004
480,billericay,51.6287,0.4196,GB,67.24,62.0,95.0,4.0,1649770005
481,riyadh,24.6877,46.7219,SA,102.34,8.0,65.0,15.35,1649769586
483,oeiras do para,-2.0031,-49.8544,BR,79.27,91.0,93.0,1.14,1649770005
484,acapulco,16.8634,-99.8901,MX,75.02,83.0,75.0,0.0,1649769759
485,srandakan,-7.9386,110.2506,ID,79.43,80.0,80.0,5.08,1649770006
486,medea,36.2642,2.7539,DZ,69.06,34.0,100.0,9.42,1649770006
487,le vauclin,14.5452,-60.8388,MQ,84.25,61.0,40.0,12.66,1649770006
488,talaya,61.3833,152.75,RU,-16.56,100.0,98.0,1.63,1649770007
489,nara,34.6851,135.8049,JP,68.92,68.0,0.0,1.3,1649770007
490,khabary,53.6259,79.5345,RU,43.2,55.0,1.0,12.12,1649770007
491,tateyama,34.9833,139.8667,JP,66.09,90.0,0.0,14.36,1649770008
492,wasilla,61.5814,-149.4394,US,34.52,56.0,0.0,8.01,1649769954
493,ginir,7.1333,40.7,ET,69.28,58.0,98.0,1.99,1649770008
494,zyryanovsk,49.7386,84.2719,KZ,29.86,98.0,96.0,0.89,1649770008
495,kondagaon,19.6,81.6667,IN,90.03,26.0,100.0,4.36,1649770009
496,saint-joseph,-21.3667,55.6167,RE,77.38,80.0,41.0,19.08,1649770009
497,mlimba,-8.8,35.8167,TZ,81.45,79.0,40.0,1.32,1649770009
498,islamkot,24.6997,70.177,PK,94.35,15.0,0.0,19.1,1649770010
499,altamira,-3.2033,-52.2064,BR,78.89,94.0,75.0,6.91,1649770010
500,vestmannaeyjar,63.4427,-20.2734,IS,43.79,70.0,20.0,29.93,1649769714
501,pangai,-19.8,-174.35,TO,81.93,70.0,11.0,10.87,1649770011
503,bikin,46.8161,134.26,RU,33.6,90.0,3.0,0.76,1649770011
504,prince rupert,54.3161,-130.3201,CA,37.09,29.0,0.0,23.02,1649770011
506,mount gambier,-37.8333,140.7667,AU,46.31,81.0,0.0,6.91,1649770012
508,temiscaming,46.7212,-79.0971,CA,42.35,61.0,61.0,4.61,1649770012
509,cuiluan,47.72,128.648,CN,31.59,61.0,6.0,2.91,1649770013
510,marawi,7.9986,124.2928,PH,68.95,90.0,100.0,4.03,1649770013
511,boa vista,2.8197,-60.6733,BR,84.18,61.0,75.0,17.27,1649769909
513,la suiza,9.8524,-83.6133,CR,75.52,70.0,100.0,1.97,1649770014
514,horodnya,51.8909,31.5974,UA,39.09,88.0,100.0,20.09,1649770014
515,tuktoyaktuk,69.4541,-133.0374,CA,-2.2,71.0,20.0,11.5,1649770014
516,umm lajj,25.0213,37.2685,SA,78.3,62.0,100.0,14.47,1649770015
517,sao jose da coroa grande,-8.8978,-35.1478,BR,82.62,70.0,99.0,4.79,1649770015
519,esil,51.9556,66.4042,KZ,48.0,62.0,100.0,17.45,1649770015
520,charyshskoye,51.3978,83.5598,RU,42.58,76.0,0.0,7.34,1649770016
522,poopo,-18.3667,-66.9667,BO,46.99,18.0,3.0,3.56,1649770016
523,whitianga,-36.8333,175.7,NZ,61.57,92.0,100.0,20.71,1649770017
524,saint-pierre,-21.3393,55.4781,RE,79.92,78.0,0.0,32.21,1649770017
525,serrinha,-11.6642,-39.0075,BR,84.79,45.0,0.0,4.43,1649770017
526,belaya kholunitsa,58.84,50.8528,RU,49.71,77.0,6.0,6.33,1649770018
527,durant,33.994,-96.3708,US,73.31,81.0,100.0,17.27,1649769591
528,cadereyta,25.5833,-99.9833,MX,75.18,74.0,100.0,3.65,1649770018
529,santa maria,-29.6842,-53.8069,BR,70.9,83.0,75.0,4.61,1649770018
530,saint-leu,-21.15,55.2833,RE,80.31,76.0,24.0,12.71,1649769792
531,safranbolu,41.2508,32.6942,TR,43.59,57.0,82.0,13.31,1649770019
532,salalah,17.0151,54.0924,OM,86.09,74.0,0.0,12.66,1649770019
533,derzhavinsk,51.1,66.3167,KZ,46.99,71.0,100.0,14.85,1649769866
534,daru,-9.0763,143.2092,PG,82.58,86.0,84.0,12.71,1649770020
535,sistranda,63.7256,8.834,NO,44.56,67.0,100.0,3.78,1649770020
536,chichimila,20.6167,-88.2167,MX,78.85,88.0,44.0,4.92,1649770020
539,kjollefjord,70.9457,27.3465,NO,32.05,74.0,100.0,20.85,1649769735
540,baykit,61.67,96.37,RU,18.64,90.0,74.0,3.51,1649770021
541,moses lake,47.1301,-119.2781,US,30.56,69.0,0.0,4.61,1649770021
542,san quintin,30.4833,-115.95,MX,58.28,77.0,91.0,21.14,1649770022
543,mulege,26.8833,-111.9833,MX,61.23,58.0,0.0,3.78,1649770022
545,normandin,48.8333,-72.5321,CA,44.91,84.0,100.0,8.46,1649770022
546,aden,12.7794,45.0367,YE,85.21,63.0,1.0,11.39,1649770023
547,zhuhai,22.2769,113.5678,CN,81.86,88.0,20.0,8.05,1649769645
548,kaeo,-35.1,173.7833,NZ,61.32,94.0,100.0,15.64,1649770023
549,dudinka,69.4058,86.1778,RU,24.62,95.0,100.0,19.37,1649770024
550,bichura,50.5881,107.6022,RU,27.63,69.0,100.0,4.81,1649770024
551,kulhudhuffushi,6.6221,73.07,MV,84.65,71.0,58.0,10.31,1649770024
552,gloucester,51.8657,-2.2431,GB,60.51,83.0,75.0,6.91,1649770025
553,makat,47.6469,53.3463,KZ,72.91,32.0,0.0,8.63,1649770025
554,viedma,-40.8135,-62.9967,AR,56.39,63.0,100.0,19.77,1649770025
555,cervo,43.6702,-7.4101,ES,59.97,64.0,65.0,10.4,1649770026
556,bulgan,48.8125,103.5347,MN,26.67,62.0,100.0,6.38,1649770026
558,hamilton,39.1834,-84.5333,US,58.05,90.0,100.0,9.22,1649769808
559,zeya,53.75,127.2667,RU,28.08,75.0,71.0,4.32,1649770027
561,oussouye,12.485,-16.5469,SN,91.58,29.0,99.0,5.86,1649770027
562,simbahan,6.3032,120.5836,PH,82.2,83.0,35.0,16.49,1649770027
563,matamoros,25.5333,-103.25,MX,71.71,33.0,40.0,6.91,1649769957
564,marsh harbour,26.5412,-77.0636,BS,72.68,62.0,0.0,17.69,1649770028
565,sakakah,29.9697,40.2064,SA,83.77,15.0,2.0,14.76,1649770028
566,port hardy,50.6996,-127.4199,CA,41.0,100.0,40.0,4.61,1649770029
567,pangkalanbuun,-2.6833,111.6167,ID,75.43,92.0,20.0,1.23,1649770029
568,dehui,44.5333,125.7,CN,44.49,32.0,96.0,7.27,1649770029
569,aykhal,66.0,111.5,RU,9.32,94.0,71.0,5.37,1649770030
570,slave lake,55.2834,-114.769,CA,10.38,72.0,100.0,8.05,1649770030
571,sochi,43.6,39.7303,RU,46.49,91.0,100.0,4.18,1649770030
572,young,-32.6833,-57.6333,UY,61.59,66.0,46.0,5.19,1649770031
573,burns lake,54.2331,-125.7533,CA,13.42,58.0,44.0,12.77,1649770031
574,cap malheureux,-19.9842,57.6142,MU,80.47,78.0,1.0,8.99,1649770031
576,krasnoselkup,65.7,82.4667,RU,34.36,100.0,100.0,13.44,1649770032
577,alekseyevsk,57.8406,108.3492,RU,26.92,94.0,100.0,1.12,1649770032
578,shalakusha,62.2247,40.2539,RU,38.44,100.0,100.0,1.28,1649770033
579,yar-sale,66.8333,70.8333,RU,36.01,100.0,100.0,16.06,1649770033
580,putina,-15.4667,-69.4333,PE,46.04,49.0,6.0,4.61,1649770033
581,gari,59.4307,62.3497,RU,49.32,73.0,53.0,7.23,1649770034
582,gao,16.6362,1.637,ML,107.01,5.0,38.0,9.66,1649769890
583,akyab,20.15,92.9,MM,82.56,75.0,3.0,10.16,1649770034
584,kembolcha,11.0816,39.7434,ET,81.01,23.0,25.0,15.35,1649770034
585,hede,33.7681,120.2517,CN,52.74,86.0,100.0,15.82,1649770035
586,mirnyy,62.5353,113.9611,RU,16.2,97.0,89.0,2.62,1649770035
587,lady frere,-31.7031,27.2329,ZA,64.9,55.0,100.0,3.53,1649770035
588,grand gaube,-20.0064,57.6608,MU,80.38,78.0,3.0,8.99,1649770036
589,ngorongoro,-3.2397,35.4875,TZ,61.02,72.0,99.0,4.41,1649770032
590,dannenberg,53.0967,11.09,DE,62.15,42.0,97.0,13.0,1649770036
591,filadelfia,39.9523,-75.1638,US,53.71,81.0,100.0,6.91,1649770037
592,kavieng,-2.5744,150.7967,PG,82.36,72.0,7.0,9.44,1649770037
593,gillette,44.2911,-105.5022,US,31.95,95.0,100.0,9.22,1649770003
594,shache,38.4167,77.2406,CN,74.19,17.0,69.0,5.41,1649770037
595,pitimbu,-7.4706,-34.8086,BR,86.59,69.0,100.0,8.95,1649770038
596,progreso,21.2833,-89.6667,MX,77.11,84.0,100.0,14.74,1649770038
597,barra patuca,15.8,-84.2833,HN,78.64,83.0,47.0,9.69,1649770038
598,sao sebastiao,-23.76,-45.4097,BR,82.65,67.0,100.0,3.44,1649770039
599,comodoro rivadavia,-45.8667,-67.5,AR,51.66,50.0,0.0,12.66,1649770039
600,north bend,43.4065,-124.2243,US,42.17,92.0,100.0,14.97,1649770040
602,naze,28.3667,129.4833,JP,68.92,93.0,13.0,6.85,1649770040
603,zemio,5.0314,25.1361,CF,94.91,33.0,50.0,3.15,1649770040
604,spreitenbach,47.4202,8.363,CH,73.2,46.0,0.0,5.01,1649770041
605,abu dhabi,24.4667,54.3667,AE,98.71,12.0,0.0,8.05,1649769970
606,charleroi,50.413,4.4465,BE,70.12,46.0,0.0,11.5,1649770041
607,poronaysk,49.2167,143.1167,RU,28.54,97.0,100.0,9.53,1649770041
608,harper,4.375,-7.7169,LR,84.74,73.0,100.0,7.83,1649770042
609,varhaug,58.6147,5.6457,NO,50.79,64.0,100.0,18.16,1649770042
610,kaabong,3.4836,34.1492,UG,77.77,46.0,100.0,9.8,1649770042
611,zhigansk,66.7697,123.3711,RU,-0.6,96.0,88.0,8.05,1649770043
612,warman,52.3168,-106.5679,CA,16.09,61.0,100.0,17.27,1649770043
613,changuinola,9.4333,-82.5167,PA,75.6,73.0,98.0,1.48,1649769809
614,saldanha,-33.0117,17.9442,ZA,80.65,63.0,21.0,11.16,1649770044
615,sorland,67.667,12.6934,NO,44.46,81.0,20.0,8.05,1649770044
618,johvi,59.3592,27.4211,EE,42.13,63.0,41.0,7.38,1649769897
619,fare,-16.7,-151.0167,PF,81.25,74.0,2.0,16.11,1649770045
620,erzin,36.9559,36.2,TR,62.91,43.0,63.0,7.61,1649770045
621,tokmak,47.2514,35.7058,UA,40.55,85.0,100.0,18.75,1649770045
622,huangmei,30.1924,116.025,CN,74.73,64.0,100.0,10.29,1649770046
623,matara,5.9485,80.5353,LK,79.66,85.0,100.0,6.69,1649770046
624,songjianghe,42.1859,127.479,CN,34.2,73.0,100.0,3.24,1649770046
625,drumheller,51.4617,-112.7101,CA,18.73,67.0,100.0,13.8,1649769786
626,ewa beach,21.3156,-158.0072,US,75.15,75.0,0.0,8.05,1649770047
627,dandong,40.1292,124.3947,CN,50.81,42.0,100.0,13.69,1649770047
628,sanok,49.5557,22.2056,PL,52.05,100.0,98.0,6.93,1649770048
629,kysyl-syr,63.8986,122.7617,RU,8.76,97.0,73.0,3.87,1649770048
630,santa ana,33.7456,-117.8678,US,55.22,76.0,40.0,6.91,1649770048
631,ayagoz,47.9714,80.4392,KZ,50.45,25.0,18.0,19.39,1649770049
